ID,STORE,NAME,YEAR,TODAY RESELL ESTIMATED VALUE (USD)
1,MC,Circus Train,1979,
2,MC,Space Raiders,1979,
3,MC,Space Aliens,1979,
4,MC,Star Trek: The Motion Picture toys,1979,
5,MC,Star Trek: The Motion Picture toys,1980,
6,MC,Safari Adventure,1980,
7,MC,Dallas Cowboys Super Box,1980,
8,MC,Happy Hotcakes,1980,
9,MC,Look,1980,
10,MC,Olympic Medal Happy Meal,1980,
11,MC,Old West,1981,
12,MC,Playmobil,1981,
13,MC,Adventures of Ronald McDonald,1981,
14,MC,3,1981,
15,MC,Dinosaur Days,1981,
16,MC,Spaceship,1981,
17,MC,Spaceships,1982,
18,MC,Wacky Happy Meal,1982,
19,MC,Going Places,1982,
20,MC,The Dukes of Hazzard,1982,
21,MC,McDonaldland Express,1982,
22,MC,Giggles and Games,1982,
23,MC,Little Golden Book,1982,
24,MC,Playmobil,1982,
25,MC,Sky,1982,
26,MC,McDonaldland Junction,1983,
27,MC,Mystery Happy Meal,1983,
28,MC,Play,1983,
29,MC,Ship Shape Happy Meal,1983,
30,MC,Lego Building Sets,1983,
31,MC,Circus Happy Meal,1983,
32,MC,Winter Worlds Happy Meal,1983,
33,MC,Astrosniks,1983,
34,MC,Going Places Cups/Hot Wheels,1983,
35,MC,Happy Pail,1983,
36,MC,Happy Teeth,1983,
37,MC,Good Sports Happy Meal,1984,
38,MC,Popoids/Crazy Creatures,1984,
39,MC,Astrosniks,1984,
40,MC,Happy Pail,1984,
41,MC,Olympic Sports Happy Meal,1984,
42,MC,School Days Happy Meal,1984,
43,MC,Lego Building Sets,1984,
44,MC,Happy Holidays Happy Meal,1984,
45,MC,Picture Perfect Happy Meal,1984,
46,MC,Fast Macs,1984,
47,MC,Olympic Beach Balls,1984,
48,MC,Play,1985,
49,MC,Sticker Club Happy Meal,1985,
50,MC,Magic Show Happy Meal,1985,
51,MC,Ship Shape Happy Meal,1985,
52,MC,E.T.: The Extra Terrestrial,1985,
53,MC,Crazy Creatures with Popoids,1985,
54,MC,Commandrons,1985,
55,MC,Halloween Pails,1985,
56,MC,Stomper Mini I 4x4 Push,1985,
57,MC,Astrosniks,1985,
58,MC,Santa Claus: The Movie,1985,
59,MC,Feeling Good Happy Meal,1985,
60,MC,Beach Ball Characters,1985,
61,MC,Crayola,1985,
62,MC,Day & Night Happy Meal,1985,
63,MC,Fast Macs,1985,
64,MC,Florida Beach Balls,1985,
65,MC,Hobby Box Happy Meal,1985,
66,MC,Little Travelers/Super Travelers,1985,
67,MC,Music Happy Meal,1985,
68,MC,On the Go Happy Meal,1985,
69,MC,Toothbrush Happy Meal,1985,
70,MC,Transformers/My Little Pony,1985,
71,MC,Wacky Glasses/Drinking Straws,1985,
72,MC,Airport Happy Meal,1986,
73,MC,Old McDonald's Farm/Barnyard Happy Meal,1986,
74,MC,Happy Pail Happy Meal,1986,
75,MC,Play,1986,
76,MC,Stomper Mini 4x4s,1986,
77,MC,Muppet Babies,1986,
78,MC,Young Astronauts,1986,
79,MC,Tinosaurs,1986,
80,MC,Halloween Pails,1986,
81,MC,Lego,1986,
82,MC,An American Tail,1986,
83,MC,The Berenstain Bears,1986,
84,MC,Colorforms Happy Meal,1986,
85,MC,Beach Ball Happy Meal,1986,
86,MC,Beachcomber Happy Meal,1986,
87,MC,Construx,1986,
88,MC,Crayola,1986,
89,MC,Glo,1986,
90,MC,Story of Texas Happy Meal,1986,
91,MC,Runaway Robots,1987,
92,MC,Little Engineer,1987,
93,MC,Potato Head Kids,1987,
94,MC,Crayola,1987,
95,MC,Kissyfur,1987,
96,MC,Fraggle Rock/Doozers,1987,
97,MC,McDonaldland Band,1987,
98,MC,Super Summer,1987,
99,MC,Muppet Babies,1987,
100,MC,Design,1987,
101,MC,Boats 'N Floats Happy Meal,1987,
102,MC,The Real Ghostbusters,1987,
103,MC,Zoo Face,1987,
104,MC,Halloween Pails,1987,
105,MC,The Berenstain Bears,1987,
106,MC,Disney Favorites,1987,
107,MC,Bigfoot Happy Meal,1987,
108,MC,Castlemakers/Sand Castle Happy Meal,1987,
109,MC,Changeables Happy Meal,1987,
110,MC,Good Friends Happy Meal,1987,
111,MC,High,1987,
112,MC,Lunch Box Happy Meal,1987,
113,MC,McDonaldland TV Lunch Box/Lunch Bunch,1987,
114,MC,Metro Zoo Happy Meal,1987,
115,MC,Sailors,1988,
116,MC,DuckTales,1988,
117,MC,The New Archies,1988,
118,MC,SeaWorld of Ohio,1988,
119,MC,Fraggle Rock,1988,
120,MC,CosMc Crayola,1988,
121,MC,Super Summer,1988,
122,MC,SeaWorld of Texas,1988,
123,MC,Bambi,1988,
124,MC,Garfield,1988,
125,MC,On the Go Lunch Boxes,1988,
126,MC,Olympic Sports,1988,
127,MC,Peter Rabbit,1988,
128,MC,Zoo Face,1988,
129,MC,Halloween Pails,1988,
130,MC,Storybook Muppet Babies,1988,
131,MC,Oliver & Company,1988,
132,MC,McNugget Buddies,1988,
133,MC,Big Top,1988,
134,MC,Black History,1988,
135,MC,The Flintstone Kids,1988,
136,MC,Hot Wheels,1988,
137,MC,Luggage Tag,1988,
138,MC,Mac Tonight,1988,
139,MC,Matchbox Super GT,1988,
140,MC,McDonaldland Movables,1988,
141,MC,Sport Ball Happy Meal,1988,
142,MC,Turbo Macs,1988,
143,MC,Bedtime,1989,
144,MC,Mickey's Birthdayland,1989,
145,MC,McBunny/Earsan Pails,1989,
146,MC,Little Gardener,1989,
147,MC,New Food Changeables,1989,
148,MC,Dinosaur Talking Storybook Happy Meal,1989,
149,MC,Muppet Kids,1989,
150,MC,Read Along with Ronald,1989,
151,MC,Beach Toy Happy Meal,1989,
152,MC,Garfield,1989,
153,MC,Lego Motion,1989,
154,MC,Fun with Food,1989,
155,MC,Raggedy Ann and Andy,1989,
156,MC,Mix'em Up Monsters,1989,
157,MC,Halloween Pails,1989,
158,MC,Chip 'n Dale: Rescue Rangers,1989,
159,MC,The Little Mermaid,1989,
160,MC,Funny Fry Friends,1989,
161,MC,Burger Six Pack to Go Happy Meal,1989,
162,MC,Funny Fry Friends,1989,
163,MC,Rain or Shine,1989,
164,MC,SeaWorld of Texas,1989,
165,MC,McDonaldland Sunglasses,1989,
166,MC,The Berenstain Bears Books,1990,
167,MC,Happy Meal from the Heart/Valentine Happy Meal,1990,
168,MC,Peanuts,1990,
169,MC,Camp McDonaldland,1990,
170,MC,Summer Surprise,1990,
171,MC,Beach Toy Happy Meal,1990,
172,MC,Barbie/Hot Wheels,1990,
173,MC,I Like Bikes,1990,
174,MC,The Jungle Book,1990,
175,MC,Super Mario Bros. 3,1990,
176,MC,Dink the Little Dinosaur,1990,
177,MC,Tom & Jerry Band,1990,
178,MC,Turbo Macs,1990,
179,MC,Fry Benders,1990,
180,MC,McDonaldland Carnival,1990,
181,MC,Sports Ball Happy Meal,1990,
182,MC,Hats,1990,
183,MC,McDonaldland Dough,1990,
184,MC,McDrive Thru Crew,1990,
185,MC,Halloween Pails,1990,
186,MC,TaleSpin,1990,
187,MC,The Rescuers Down Under,1990,
188,MC,Good Morning,1991,
189,MC,Tiny Toon Adventures,1991,
190,MC,Alvin and the Chipmunks,1991,
191,MC,Muppet Babies,1991,
192,MC,Gravedale High,1991,
193,MC,McDonaldland Circus Parade,1991,
194,MC,Mighty Mini Happy Meal,1991,
195,MC,Piggsburg Pigs,1991,
196,MC,Nature's Helper,1991,
197,MC,McDino Changeables,1991,
198,MC,Breakfast Happy Meal,1991,
199,MC,101 Dalmatians,1991,
200,MC,Sports Ball,1991,
201,MC,Barbie/Hot Wheels,1991,
202,MC,Connectibles,1991,
203,MC,Crazy Vehicles,1991,
204,MC,McCharacters on Bikes/McDonaldland on Wheels,1991,
205,MC,Discover the Rainforest,1991,
206,MC,Friendly Skies,1991,
207,MC,McBoo Bags and Buckets,1991,
208,MC,Super Looney Tunes,1991,
209,MC,Hook,1991,
210,MC,McDonald's Pizza Happy Sack,1991,
211,MC,Crayon Sketch toys,1992,
212,MC,Mystery of the Lost Arches toys,1992,
213,MC,Potato Head Kids toys,1992,
214,MC,Crayon Squeeze Bottles,1992,
215,MC,The Real Ghostbusters,1992,
216,MC,Water Games,1992,
217,MC,Wild Friends,1992,
218,MC,Yo Yogi!,1992,
219,MC,Young Astronauts toys,1992,
220,MC,Back to the Future: The Animated Series,1992,
221,MC,Nature's Watch toys,1992,
222,MC,Batman Returns,1992,
223,MC,Michael Jordan Fitness Fun toys,1992,
224,MC,Barbie & Hot Wheels Mini Streex toys,1992,
225,MC,Behind the Scenes toys,1992,
226,MC,Halloween Pails,1992,
227,MC,Tiny Toon Adventures Cars,1992,
228,MC,Tonka & Cabbage Patch toys,1992,
229,MC,M,1993,
230,MC,Dinosaurs toys,1993,
231,MC,Food Fundamentals,1993,
232,MC,Looney Tunes Quack,1993,
233,MC,Out for Fun,1993,
234,MC,Nickelodeon Game Gadgets,1993,
235,MC,Snow White and the Seven Dwarfs toys,1993,
236,MC,Barbie & Hot Wheels Racing toys,1993,
237,MC,Linkables toys,1993,
238,MC,Field Trip toys,1993,
239,MC,Halloween McNugget Buddies toys,1993,
240,MC,Batman,1993,
241,MC,Mattel's Totally Toy Holiday toys,1993,
242,MC,Makin' Movies toys,1994,
243,MC,Sonic the Hedgehog 3,1994,
244,MC,Bobby's World toys,1994,
245,MC,Earth Days toys,1994,
246,MC,Animaniacs,1994,
247,MC,The Flintstones toys,1994,
248,MC,Epcot Center toys,1994,
249,MC,Barbie & Hot Wheels toys,1994,
250,MC,The Magic School Bus toys,1994,
251,MC,Halloween Pails,1994,
252,MC,Happy Birthday Happy Meal,1994,
253,MC,Tonka & Cabbage Patch Kids toys,1994,
254,MC,Muppet Workshop toys,1995,
255,MC,Polly Pocket & Attack Pack toys,1995,
256,MC,Space Rescue,1995,
257,MC,Amazing Wildlife toys,1995,
258,MC,Spider,1995,
259,MC,Disneyland Adventures toys,1995,
260,MC,Mighty Morphin Power Rangers: The Movie,1995,
261,MC,Barbie & Hot Wheels Attack Pack toys,1995,
262,MC,The Busy World of Richard Scarry,1995,
263,MC,What am I going to be for Halloween?,1995,
264,MC,Animaniacs toys,1995,
265,MC,Mattel's Totally Toy Holiday toys,1995,
266,MC,VR Troopers toys,1996,
267,MC,Muppet Treasure Island toys,1996,
268,MC,Transformers / Littlest Pet Shop toys,1996,
269,MC,Walt Disney Masterpiece Collection toys,1996,
270,MC,Marvel Super Heroes,1996,
271,MC,Babe toys,1996,
272,MC,Barbie / Hot Wheels toys,1996,
273,MC,Aladdin and the King of Thieves toys,1996,
274,MC,Eric Carle toys,1996,
275,MC,Halloween McNugget Buddies,1996,
276,MC,Space Jam toys,1996,
277,MC,101 Dalmatians,1996,
278,MC,Nickelodeon Tangle toys,1997,
279,MC,Mighty Ducks pucks,1997,
280,MC,The Hunchback of Notre Dame,1997,
281,MC,Ty Teenie Beanie Babies toys,1997,
282,MC,Walt Disney Home Video Masterpiece Collection,1997,
283,MC,Micro Machines / Spinning Sky Dancers,1997,
284,MC,Hercules toys,1997,
285,MC,Endangered Animal Pals,1997,
286,MC,Beetleborgs Metallix toys,1997,
287,MC,Sleeping Beauty,1997,
288,MC,The Jungle Book,1997,
289,MC,Barbie / Hot Wheels,1997,
290,MC,The Little Mermaid,1997,
291,MC,101 Dalmatians toys,1997,
292,MC,Hercules,1998,
293,MC,Peter Pan,1998,
294,MC,My Little Pony/Transformers Beast Wars toys,1998,
295,MC,Disney's Animal Kingdom,1998,
296,MC,Ty Teenie Beanie Babies,1998,
297,MC,Mulan toys,1998,
298,MC,Tamagotchi Toyz,1998,
299,MC,Nascar Hot Wheels/Barbie toys,1998,
300,MC,Disney Video Favorites toys,1998,
301,MC,Ronald and Pals Haunted Halloween Nerds Candy Dispensers,1998,
302,MC,The Lion King 2: Simba's Pride,1998,
303,MC,A Bug's Life,1998,
304,MC,Recess toys,1998,
305,MC,Mulan,1999,
306,MC,Winnie the Pooh: Sing a Song with Pooh Bear,1999,
307,MC,Furby,1999,
308,MC,Mystic Knights of Tir Na Nog toys,1999,
309,MC,Ty Teenie Beanie Babies toys,1999,
310,MC,Tarzan toys,1999,
311,MC,Inspector Gadget,1999,
312,MC,Hot Wheels / Barbie toys,1999,
313,MC,Doug's 1st Movie toys,1999,
314,MC,Halloween Pails,1999,
315,MC,Lego toys,1999,
316,MC,Toy Story 2 toys,1999,
317,MC,Barbie / Hot Wheels toys,1999,
318,MC,Disney’s Tarzan on Video,2000,
319,MC,An Extremely Goofy Movie,2000,
320,MC,Furby,2000,
321,MC,Teletubbies,2000,
322,MC,Saban’s Power Rangers Lightspeed Rescue,2000,
323,MC,Disney's Dinosaur,2000,
324,MC,Ty Teenie Beanie Babies,2000,
325,MC,Finger Board Pro,2000,
326,MC,Hello Kitty/Transformers: Beast Morphers,2000,
327,MC,The Tigger Movie,2000,
328,MC,Barbie/Hot Wheels,2000,
329,MC,Monster Crazy Bones,2000,
330,MC,Disney Video Showcase Collection,2000,
331,MC,102 Dalmatians,2000,
332,MC,The Emperor's New Groove,2000,
333,MC,Disney World Resort Millennium Collectables,2000,
334,MC,Buzz Lightyear of Star Command,2001,
335,MC,Disney’s House of Mouse,2001,
336,MC,Poo,2001,
337,MC,Spy Kids,2001,
338,MC,Tiger Electronics,2001,
339,MC,Action Man/Hello Kitty and Friends,2001,
340,MC,Disney’s Atlantis: The Lost Empire,2001,
341,MC,The Book of Pooh,2001,
342,MC,Hot Wheels/Barbie,2001,
343,MC,Lego Bionicle/Diva Starz,2001,
344,MC,Snow White and the Seven Dwarves,2001,
345,MC,Halloween Pails,2001,
346,MC,Disney Pixar’s Monsters Inc.,2001,
347,MC,Toys “R” Us Animal Alley minis,2001,
348,MC,Surprise toys,2001,
349,MC,Robo,2002,
350,MC,Peter Pan in Return to Never Land,2002,
351,MC,Walt Disney World’s 100 Years of Magic,2002,
352,MC,Matchbox/Madame Alexander,2002,
353,MC,Battlebots,2002,
354,MC,The Many Adventures of Winnie the Pooh,2002,
355,MC,Disney’s Lilo and Stitch,2002,
356,MC,The Country Bears,2002,
357,MC,Spy Kids 2: The Island of Lost Dreams,2002,
358,MC,Barbie/Hot Wheels,2002,
359,MC,Disney’s Beauty and the Beast,2002,
360,MC,Lego Galidor,2002,
361,MC,Transformers: Armada/Hello Kitty,2002,
362,MC,Walt Disney’s Treasure Planet,2002,
363,MC,Pinocchio,2002,
364,MC,Betty Spaghetty/Tonka,2003,
365,MC,Disney’s The Jungle Book 2,2003,
366,MC,Inspector Gadget 2,2003,
367,MC,NakNak,2003,
368,MC,Bratz/He,2003,
369,MC,Disney Pixar’s Finding Nemo,2003,
370,MC,Sonic the Hedgehog handheld games,2003,
371,MC,Spy Kids 3,2003,
372,MC,Barbie/Hot Wheels: Highway 35 World Race,2003,
373,MC,Disney’s Kim Possible,2003,
374,MC,Stretch Screamers/Madame Alexander,2003,
375,MC,Brother Bear,2003,
376,MC,The Haunted Mansion,2003,
377,MC,Disney Princess/Power Rangers: Dino Thunder,2003,
378,MC,Lilo and Stitch: The Series,2004,
379,MC,The Lion King 1 1/2,2004,
380,MC,Lego Clikets/Lego Sports,2004,
381,MC,The Dog,2004,
382,MC,ESPN Sports,2004,
383,MC,Neopets,2004,
384,MC,MyScene/Tony Hawk: BoomBoom HuckJam,2004,
385,MC,Ty Teenie Beanie Babies,2004,
386,MC,Polly Pocket/Hot Wheels,2004,
387,MC,Hello Kitty 30th Anniversary/G.I. Joe,2004,
388,MC,Walt Disney’s Aladdin/Madame Alexander,2004,
389,MC,Disney Pixar’s The Incredibles,2004,
390,MC,Sega Handheld Games,2004,
391,MC,Dave the Barbarian/Lizzie McGuire,2004,
392,MC,My Little Pony/Duel Masters,2005,
393,MC,That's So Raven/NBA,2005,
394,MC,Pixar Pals,2005,
395,MC,The Dog/The Cat,2005,
396,MC,Drake & Josh/Winx Club,2005,
397,MC,The Adventures of Sharkboy and Lavagirl in 3,2005,
398,MC,Neopets,2005,
399,MC,Barbie and the Magic of Pegasus/Hot Wheels: AcceleRacers,2005,
400,MC,Walt Disney Parks and Resorts,2005,
401,MC,Madame Alexander/Nickelodeon Tak: The Great Juju Challenge,2005,
402,MC,Disney’s Chicken Little,2005,
403,MC,Power Rangers/W.I.T.C.H,2005,
404,MC,"The Chronicles of Narnia: The Lion, the Witch and the Wardrobe",2005,
405,MC,Strawberry Shortcake/Dragon Booster,2006,
406,MC,Doogal,2006,
407,MC,Trollz/Spy Gear,2006,
408,MC,The Wild,2006,
409,MC,Build,2006,
410,MC,Disney Pixar’s Cars,2006,
411,MC,Pirates of the Caribbean,2006,
412,MC,Hummer/Polly Pocket in PollyWorld,2006,
413,MC,Take the Mario Challenge,2006,
414,MC,LEGO Bionicle/Disney’s The Little Mermaid,2006,
415,MC,Hot Wheels/Barbie and the 12 Dancing Princesses,2006,
416,MC,Dreamworks Flushed Away,2006,
417,MC,Iz from Zizzle,2006,
418,MC,Yu,2006,
419,MC,Nickelodeon’s Catscratch,2007,
420,MC,WowWee Robotics/My Little Pony,2007,
421,MC,The Wizard of Oz Madame Alexander/TNNT,2007,
422,MC,American Idol,2007,
423,MC,Dreamworks Shrek the Third,2007,
424,MC,Surf’s Up,2007,
425,MC,Hello Kitty/Fly Wheels,2007,
426,MC,Build,2007,
427,MC,America's Next Top Model/The Naked Brothers Band,2007,
428,MC,MyScene/Hot Wheels:Stunt Strikers,2007,
429,MC,Dreamworks Bee Movie,2007,
430,MC,Dreamworks Shrek the Third,2007,
431,MC,LEGO Bionicle/Strawberry Shortcake,2007,
432,MC,El Tigre: The Adventures of Manny Rivera/FurReal Friends,2008,
433,MC,The Spiderwick Chronicles,2008,
434,MC,Pirates of the Caribbean/Disney Princesses,2008,
435,MC,American Idol,2008,
436,MC,Speed Racer,2008,
437,MC,Dreamworks Kung Fu Panda,2008,
438,MC,Littlest Pet Shop/Transformers Animated,2008,
439,MC,Polly Pocket/Spy Gear,2008,
440,MC,Star Wars: The Clone Wars,2008,
441,MC,The Wizard of Oz Madame Alexander/LEGO Batman: The Video Game,2008,
442,MC,Barbie/Hot Wheels,2008,
443,MC,Madagascar: Escape 2 Africa,2008,
444,MC,My Little Pony/Lego Mistika Bionicle,2008,
445,MC,Hotel for Dogs,2009,
446,MC,Hello Kitty 35th Anniversary/Digi Sportz,2009,
447,MC,The Spectacular Spider,2009,
448,MC,Dreamworks Monsters Vs. Aliens,2009,
449,MC,Kidz Bop CDs,2009,
450,MC,Night at the Museum: Battle of the Smithsonian,2009,
451,MC,Ice Age: Dawn of the Dinosaurs,2009,
452,MC,Ty Teenie Beanie Babies,2009,
453,MC,LEGO Racers/American Girl,2009,
454,MC,Barbie/Hot Wheels,2009,
455,MC,Bakugan/Build,2009,
456,MC,Astro Boy/My Little Pony,2009,
457,MC,Nerf/Strawberry Shortcake,2009,
458,MC,James Cameron’s Avatar,2009,
459,MC,Alvin and the Chipmunks: The Squeakquel,2010,
460,MC,The Penguins of Madagascar,2010,
461,MC,Star Wars/iCarly,2010,
462,MC,Dreamworks How to Train Your Dragon,2010,
463,MC,Hot Wheels Battle Force 5/Barbie in a Mermaid Tale,2010,
464,MC,Shrek Forever After Toys,2010,
465,MC,Shrek Forever After Watches,2010,
466,MC,The Last Airbender,2010,
467,MC,Marvel Heroes/Littlest Pet Shop,2010,
468,MC,Batman: The Brave and the Bold/Madame Alexander,2010,
469,MC,Star Wars: The Clone Wars/Strawberry Shortcake,2010,
470,MC,Mr. Potato Head Halloween Pails,2010,
471,MC,Dreamworks Megamind,2010,
472,MC,Transformers/Sanrio Hello Kitty,2010,
473,MC,Bakugan: Gundalian Invaders/Only Hearts Pets,2010,
474,MC,Tonka/My Little Pony,2011,
475,MC,Hot Wheels Battle Force 5: Fused/Barbie in a Fairy Secret,2011,
476,MC,Young Justice/Littlest Pet Shop,2011,
477,MC,Rio,2011,
478,MC,Batman: The Brave and the Bold/Zoobles,2011,
479,MC,Dreamworks Kung Fu Panda 2,2011,
480,MC,Pokémon Black and White/Liv,2011,
481,MC,Star Wars: The Clone Wars/Strawberry Shortcake,2011,
482,MC,The Smurfs,2011,
483,MC,Harry Potter/Monster High,2011,
484,MC,Power Rangers Samurai/iCarly,2011,
485,MC,Monster Halloween Pails,2011,
486,MC,Dreamworks Puss in Boots,2011,
487,MC,Bakugan: Mechtanium Surge/Hello Kitty,2011,
488,MC,Alvin and the Chipmunks: Chipwrecked,2011,
489,MC,Barbie/Team Hot Wheels,2012,
490,MC,Star Wars: Episode 1 in 3D/Build,2012,
491,MC,Transformers Prime/My Little Pony,2012,
492,MC,Squinkies: Surprise Inside/Green Lantern: The Animated Series,2012,
493,MC,Spy Gear/Victorious,2012,
494,MC,Madagascar 3: Europe’s Most Wanted,2012,
495,MC,Harry Potter/Strawberry Shortcake,2012,
496,MC,Ice Age: Continental Drift,2012,
497,MC,Nickelodeon Spongebob Squarepants Sport Toys,2012,
498,MC,Power Rangers Super Samurai/Paul Frank,2012,
499,MC,Hotel Transylvania,2012,
500,MC,Scooby,2012,
501,MC,Young Justice/Littlest Pet Shop,2012,
502,MC,Rise of the Guardians,2012,
503,MC,Moshi Monsters/Teenage Mutant Ninja Turtles,2012,
504,MC,Transformers Prime/Hello Kitty,2013,
505,MC,HexBug/Barbie in the Pink Shoes,2013,
506,MC,Dreamworks The Croods,2013,
507,MC,Skylanders: Giants/Fijit Friends Shimmies,2013,
508,MC,Spy Gear/Winx Club,2013,
509,MC,Blue Sky’s Epic,2013,
510,MC,Team Hot Wheels/Twinkle Toes,2013,
511,MC,Despicable Me 2,2013,
512,MC,The Smurfs 2,2013,
513,MC,Power Rangers Megaforce/Justice,2013,
514,MC,Beware the Batman/The Wizard of Oz,2013,
515,MC,Monster High/Angry Birds: Star Wars Halloween Pails,2013,
516,MC,Happy Meal Books,2013,
517,MC,NFL Rush Zone/Build,2013,
518,MC,Teenage Mutant Ninja Turtles/Furby Boom,2013,
519,MC,Adventure Time/Paul Frank,2014,
520,MC,The LEGO Movie,2014,
521,MC,Dreamworks Mr. Peabody and Sherman,2014,
522,MC,Skylanders: Swap Force/My Little Pony: Rainbow Power,2014,
523,MC,The Amazing Spider,2014,
524,MC,Pokémon X and Y/ American Girl: Isabelle,2014,
525,MC,Dreamworks How to Train Your Dragon 2,2014,
526,MC,MarioKart 8/Ty Teenie Beanie Boos,2014,
527,MC,Barbie/Hot Wheels,2014,
528,MC,Madden NFL 15/Littlest Pet Shop,2014,
529,MC,HexBug/Monster High,2014,
530,MC,The Book of Life Halloween Pails,2014,
531,MC,Hello Kitty’s 40th Anniversary/Max Steel,2014,
532,MC,Dreamworks Penguins of Madagascar,2014,
533,MC,Spy Gear/Flutterbye,2014,
534,MC,Happy Meal Books,2015,
535,MC,Sweethearts Plush/Teenage Mutant Ninja Turtles,2015,
536,MC,The Spongebob Movie: Sponge Out of Water,2015,
537,MC,Team Hot Wheels/Barbie: Life in the Dreamhouse,2015,
538,MC,Dreamworks Home,2015,
539,MC,My Little Pony & MLP: Equestria Girls/Transformers: Robots in Disguise,2015,
540,MC,Skylanders: Trap Team/Littlest Pet Shop,2015,
541,MC,Nerf/Nerf: Rebelle,2015,
542,MC,Minions,2015,
543,MC,Batman: Unlimited/Monster High,2015,
544,MC,Monster Jam/Hello Kitty,2015,
545,MC,Hotel Transylvania 2,2015,
546,MC,Minions Halloween Pails,2015,
547,MC,The Peanuts Movie,2015,
548,MC,Pokémon Omega Ruby and Alpha Sapphire/Build,2015,
549,MC,Shopkins/Rabbids,2015,
550,MC,Harper Collins books,2016,
551,MC,Transformers: Robots in Disguise/My Little Pony: Friendship is Magic,2016,
552,MC,Barbie: Spy Squad/DC Comics Hot Wheels,2016,
553,MC,Emoji Plush,2016,
554,MC,The Angry Birds Movie,2016,
555,MC,Skylanders: Superchargers/The Powerpuff Girls,2016,
556,MC,The Secret Life of Pets,2016,
557,MC,Step,2016,
558,MC,Talking Tom,2016,
559,MC,Justice League Action/DC Super Hero Girls,2016,
560,MC,"It’s the Great Pumpkin, Charlie Brown Halloween Pails",2016,
561,MC,Dreamworks Trolls,2016,
562,MC,Hello Sanrio/Teenage Mutant Ninja Turtles,2016,
563,MC,Illumination Presents Sing,2016,
564,MC,Emoji cards (January 13,2017,
565,MC,Teen Titans Go!/Sweethearts clip gloss,2017,
566,MC,The Lego Batman Movie,2017,
567,MC,Barbie Fashionistas/Hot Wheels,2017,
568,MC,Smurfs: The Lost Village,2017,
569,MC,Super Mario,2017,
570,MC,Ty Teenie Beanie Boos,2017,
571,MC,Despicable Me 3,2017,
572,MC,The Emoji Movie,2017,
573,MC,Harper Collins books,2017,
574,MC,The LEGO Ninjago Movie,2017,
575,MC,My Little Pony: The Movie/Transformers: Robots in Disguise,2017,
576,MC,Pokémon Sun and Moon/Hello Sanrio,2017,
577,MC,Happy Meal Holiday Express,2017,
578,MC,Yo,2018,
579,MC,American Greetings,2018,
580,MC,Peter Rabbit,2018,
581,MC,Snoopy,2018,
582,MC,National Geographic: Weird but True,2018,
583,MC,Hasbro Gaming,2018,
584,MC,Incredibles 2,2018,
585,MC,Nintendo Super Mario,2018,
586,MC,Justice League Action,2018,
587,MC,Bumblebee/My Little Pony: Cutie Mark Crew (September 18th,2018,
588,MC,Pokémon/Hello Kitty,2018,
589,MC,Ralph Breaks the Internet,2018,
590,MC,Spider,2018,
591,MC,Monster Jam/Shopkins: Cutie Cars,2019,
592,MC,The LEGO Movie 2: The Second Part,2019,
593,MC,Teen Titans Go!,2019,
594,MC,Ty Teenie Beanie Boos,2019,
595,MC,Avengers: Endgame,2019,
596,MC,The Secret Life of Pets 2,2019,
597,MC,Disney Pixar’s Toy Story 4,2019,
598,MC,Disney's The Lion King,2019,
599,MC,Snoopy: Explore Space,2019,
600,MC,Barbie/Hot Wheels,2019,
601,MC,Pokémon/Hello Kitty’s 45th Anniversary,2019,
602,MC,40 Years of Happy Meal,2019,
603,MC,Frozen II,2019,
604,MC,Star Wars: The Rise of Skywalker,2019,
605,MC,Discovery #Mindblown,2020,
606,MC,Spirit: Riding Free/Fast and Furious: Spy Racers,2020,
607,MC,Disney Pixar’s Onward,2020,
608,MC,Pikmi Pops Surprise/Beyblade Burst,2020,
609,MC,Trolls World Tour,2020,
610,MC,Illumination Presents Minions,2020,
611,MC,Disney Pixar Celebration,2020,
612,MC,Jurassic World: Camp Cretaceous,2020,
613,MC,Marvel Studios Heroes,2020,
614,MC,Mickey and Minnie's Runaway Railway,2020,
615,MC,Disney Pixar’s Soul,2020,
616,MC,Hasbro Gaming,2021,
617,MC,Pokémon 25th Anniversary,2021,
618,MC,Raya and the Last Dragon,2021,
619,MC,Star Wars/Disney Princesses,2021,
620,MC,Ty Teenie Beanie Boos,2021,
621,MC,Disney Pixar’s Luca,2021,
622,MC,Space Jam: A New Legacy,2021,
623,MC,Ron's Gone Wrong,2021,
624,MC,Walt Disney World's 50th Anniversary,2021,
625,MC,Marvel Studios Eternals,2021,
626,MC,Disney's Encanto,2021,
627,MC,Illumination's Sing 2,2021,
628,MC,Teen Titans Go!,2022,
629,MC,Disney's Stitch,2022,
630,MC,Mario Kart,2022,
631,MC,Sonic the Hedgehog 2,2022,
632,MC,WDW 50th Anniversary Celebration,2022,
633,MC,Disney Pixar‘s Lightyear,2022,
634,MC,Thor: Love and Thunder,2022,
635,MC,Pokémon Match Battle toys,2022,
636,MC,Cars on the Road: A Disney+ Original,2022,
637,MC,Halloween Boo Buckets Rollback,2022,
638,MC,Black Panther: Wakanda Forever,2022,
639,MC,Hasbro Gaming,2022,
640,MC,The Super Mario Bros. Movie,2022,
641,MC,Mickey and Friends,2023,
642,MC,HarperCollins Books,2023,
643,MC,Karma’s World,2023,
644,MC,The Masked Singer,2023,
645,MC,Guardians of the Galaxy Vol. 3,2023,
646,MC,Disney’s The Little Mermaid,2023,
647,MC,Disney Pixar’s Elemental,2023,
648,MC,Marvel Studios: The Marvels,2023,
649,MC,Nerf,2023,
650,MC,Pokémon Match Battle,2023,
651,MC,Halloween Boo Buckets,2023,
652,MC,Disney 100 Years of Wonder,2023,
653,MC,Crash Team Rumble,2023,
654,MC,Squishmallows,2023,
655,MC,Adopt Me,2024,
656,MC,Clean Up Process,2024,
657,MC,MultiVersus,2024,
658,MC,Just Dance,2024,
659,MC,Captain America: Brave New World,2024,
660,MC,Inside Out 2,2024,
661,MC,Despicable Me 4,2024,
662,MC,Panini Unstoppable,2024,
663,MC,Yu,2024,
664,MC,Crocs,2024,
665,MC,McDonald’s Halloween Buckets,2024,
666,MC,Mario Kart 8 Deluxe,2024,
667,MC,Holiday Pet Simulator,2024,
668,MC,Sonic the Hedgehog 3,2024,
669,MC,Pokémon,2025,
670,MC,Clean Up,2025,
671,MC,McDonald's All American Games,2025,
672,MC,A Minecraft Movie,2025,
673,MC,Squishmallows,2025,
674,MC,Elio,2025,
675,MC,Lil McDonald’s,2025,
676,MC,Teenage Mutant Ninja Turtles/Hello Kitty,2025,
677,MC,TinyTan,2025,
678,MC,Halloween Pails,2025,
679,MC,Zootopia 2,2025,
680,MC,Disney Land 70th Anniversary,2025,
681,BK,Holiday Magic Meals,1981,
682,BK,Jet Age Meals,1982,
683,BK,Mickey’s Christmas Carol,1983,
684,BK,Garfield,1984,
685,BK,Masters of the Universe,1985,
686,BK,ThunderCats,1986,
687,BK,SilverHawks,1987,
688,BK,Burger King Kids Club Action Figures,1991,
689,BK,Beauty and the Beast,1991,
690,BK,Archie Pullback Racers,1991,
691,BK,Burger King Kids Club Water Mates,1991,
692,BK,Captain Planet Flip Cars,1991,
693,BK,Inspector Gadget,1991,
694,BK,King Ralph,1991,
695,BK,Burger King Disney Parade,1991,
696,BK,Kids' Club Wild Spinning Tops,1992,
697,BK,Capitol Critters,1992,
698,BK,Life Savers Freaky Fellas,1992,
699,BK,Pinocchio,1992,
700,BK,It's Magic!,1992,
701,BK,Goof Troop,1992,
702,BK,Aladdin,1992,
703,BK,Mickey's Toontown Disneyland,1993,
704,BK,Teenage Mutant Ninja Turtles III,1993,
705,BK,The Little Mermaid,1993,
706,BK,Save the Animals,1993,
707,BK,Burger King Kids Club Glow,1993,
708,BK,Bonkers Crash,1993,
709,BK,Pranks and Funny Pages,1993,
710,BK,Dino Crawlers,1994,
711,BK,Kids Club Sports All,1994,
712,BK,Aladdin Hidden Treasures,1994,
713,BK,The Disney Afternoon Beach Party,1994,
714,BK,The Lion King toys,1994,
715,BK,Z,1994,
716,BK,Burger King Kids' Club Pranksters,1994,
717,BK,Gargoyles: Defenders of the Night,1995,
718,BK,The Lion King finger puppets,1995,
719,BK,A Goofy Movie,1995,
720,BK,Pocahontas,1995,
721,BK,Free Willy 2: The Adventure Home,1995,
722,BK,Kids Club Coolers,1995,
723,BK,Gargoyles Stone Warriors,1995,
724,BK,Toy Story,1995,
725,BK,Glo Force,1996,
726,BK,Pocahontas Hide n' Seek Finger Puppets,1996,
727,BK,Oliver and Company,1996,
728,BK,Timon & Pumbaa,1996,
729,BK,The Hunchback of Notre Dame,1996,
730,BK,Scooby,1996,
731,BK,James and the Giant Peach,1996,
732,BK,Toy Story,1996,
733,BK,M&M's,1997,
734,BK,Cartoon Network Wacky Racing,1997,
735,BK,Kids Club Planet Patrol,1997,
736,BK,Jurassic Park Watches/ Land Before Time,1997,
737,BK,M&M's Minis,1997,
738,BK,Superman: The Animated Series,1997,
739,BK,Universal Studios Monsters,1997,
740,BK,Anastasia,1997,
741,BK,Mr. Potato Head,1998,
742,BK,Rugrats,1998,
743,BK,Burger King Kids Club Bug Riders,1998,
744,BK,Men in Black: The Series,1998,
745,BK,Small Soldiers,1998,
746,BK,Nickel,1998,
747,BK,Casper Meets Wendy,1998,
748,BK,Toonsylvania,1998,
749,BK,The Rugrats Movie,1998,
750,BK,Mr. Potato Head,1999,
751,BK,CatDog,1999,
752,BK,Nickelodeon Kids Choice Awards,1999,
753,BK,Teletubbies,1999,
754,BK,Wild Wild West,1999,
755,BK,Nickelodeon Back To School,1999,
756,BK,Silly Slammers,1999,
757,BK,Pokémon: The First Movie,1999,
758,BK,Batman Beyond,2000,
759,BK,The Wild Thornberrys,2000,
760,BK,Pokémon: One More Chance to Catch 'em All,2000,
761,BK,The Road to El Dorado,2000,
762,BK,The Flintstones in Viva Rock Vegas,2000,
763,BK,Dragon Ball Z,2000,
764,BK,Chicken Run,2000,
765,BK,Pokémon The Movie,2000,
766,BK,Backstreet Project,2000,
767,BK,Scooby Doo and the Alien Invaders,2000,
768,BK,Rugrats in Paris: The Movie,2000,
769,BK,Pokémon Mini Game Boy collectibles,2000,
770,BK,Rugrats Treehouse,2001,
771,BK,Jackie Chan Adventures,2001,
772,BK,Shrek,2001,
773,BK,SpongeBob SquarePants,2001,
774,BK,X,2001,
775,BK,Pop CD,2001,
776,BK,Cubix: Robots for Everyone,2001,
777,BK,The Simpsons Spooky Light,2001,
778,BK,The Lord of the Rings: The Fellowship of the Ring,2001,
779,BK,X,2001,
780,BK,Dragon Ball Z/The Powerpuff Girls,2002,
781,BK,Nintendo Superstars,2002,
782,BK,Ice Age,2002,
783,BK,Rocket Power,2002,
784,BK,Spirit: Stallion of the Cimmaron,2002,
785,BK,Men in Black II,2002,
786,BK,Butt,2002,
787,BK,The Adventures of Jimmy Neutron Boy Genius,2002,
788,BK,The Simpsons Creepy Classics,2002,
789,BK,The Simpsons Talking Watches,2002,
790,BK,Dragon Ball Z/ The Powerpuff Girls,2003,
791,BK,SpongeBob SquarePants,2003,
792,BK,Justice League,2003,
793,BK,Rugrats Go Wild,2003,
794,BK,Sinbad: Legend of the Seven Seas,2003,
795,BK,Beyblade,2003,
796,BK,Dexter's Laboratory,2003,
797,BK,Hamtaro,2003,
798,BK,The Cat in the Hat,2003,
799,BK,Teenage Mutant Ninja Turtles,2003,
800,BK,The Fairly OddParents,2004,
801,BK,Scooby,2004,
802,BK,MicroPets Pals,2004,
803,BK,Shrek 2,2004,
804,BK,Spider,2004,
805,BK,Yu,2004,
806,BK,Little Tikes,2004,
807,BK,Shark Tale,2004,
808,BK,The SpongeBob SquarePants Movie,2004,
809,BK,Dora The Explorer / MatchBox,2005,
810,BK,Robots,2005,
811,BK,Cranium: Cadoo,2005,
812,BK,Star Wars Episode III: Revenge of the Sith,2005,
813,BK,Fantastic Four,2005,
814,BK,Care Bears/Transformers: Cybertron,2005,
815,BK,Danny Phantom,2005,
816,BK,Wallace and Gromit: The Curse of the Were Rabbit,2005,
817,BK,Star Wars Saga,2005,
818,BK,Furby,2005,
819,BK,US Figure Skating,2006,
820,BK,SpongeBob SquarePants: Lost in Time,2006,
821,BK,Ice Age 2: The Meltdown,2006,
822,BK,Foster's Home for Imaginary Friends,2006,
823,BK,X,2006,
824,BK,G.I. Joe: Sigma/Bratz Genie Magic,2006,
825,BK,Superman Returns,2006,
826,BK,The Ant Bully,2006,
827,BK,Avatar: The Last Airbender,2006,
828,BK,Open Season,2006,
829,BK,Happy Feet,2006,
830,BK,Dance Dance Revolution,2006,
831,BK,Bounce King Bobbleheads,2007,
832,BK,Chub City: Welcome to the Neighborhood / Groovy Girls,2007,
833,BK,SpongeBob SquarePants: Friend or Foe?,2007,
834,BK,Spider,2007,
835,BK,Fantastic 4: Rise of the Silver Surfer,2007,
836,BK,Transformers,2007,
837,BK,The Simpsons Movie,2007,
838,BK,NFL Jerseys,2007,
839,BK,Viva Pinata,2007,
840,BK,SpongeBob's Atlantis SquarePantis,2007,
841,BK,iDog,2007,
842,BK,Snoopy,2008,
843,BK,Monster Jam/Cabbage Patch Kids Minis,2008,
844,BK,SpongeBob SquarePants: Pest of the West,2008,
845,BK,Iron Man,2008,
846,BK,Indiana Jones and the Kingdom of the Crystal Skull,2008,
847,BK,The Incredible Hulk,2008,
848,BK,Pokémon Diamond & Pearl TCG,2008,
849,BK,Crayola,2008,
850,BK,Neopets,2008,
851,BK,iDog Halloween,2008,
852,BK,The Simpsons,2008,
853,BK,Wii,2008,
854,BK,Monster Jam/ Cabbage Patch Kids,2009,
855,BK,The Pink Panther 2,2009,
856,BK,Nickelodeon's  Kids Choice Awards,2009,
857,BK,SpongeBob SquarePants: SpongeBob vs The Big One,2009,
858,BK,Star Trek,2009,
859,BK,Pokémon Platinum TCG,2009,
860,BK,Transformers: Revenge of the Fallen,2009,
861,BK,G.I. Joe: The Rise of Cobra,2009,
862,BK,The Dangerous Book for Boys/The Daring Book for Girls,2009,
863,BK,Cloudy with a Chance of Meatballs,2009,
864,BK,SpongeBob's Truth or Square,2009,
865,BK,Planet 51,2009,
866,BK,The Super Hero Squad Show / FurReal Friends,2009,
867,BK,Hoodwinked Too! Hood vs. Evil,2010,
868,BK,The Spectacular Spider,2010,
869,BK,Tony Stewart 14 / Pinkalicious,2010,
870,BK,SpongeBob SquarePants: SpongeBob's Last Stand,2010,
871,BK,Iron Man 2,2010,
872,BK,Marmaduke,2010,
873,BK,The Twilight Saga: Eclipse,2010,
874,BK,Cats & Dogs: The Revenge of Kitty Galore,2010,
875,BK,WWE / Moxie Girlz,2010,
876,BK,Legends of the Guardians: Owls of Ga'Hoole,2010,
877,BK,Prehistoric Pets / Stardoll,2010,
878,BK,Xbox Kinectimals,2010,
879,BK,Zhu,2010,
880,BK,Gulliver's Travels,2010,
881,BK,SpongeBob SquarePants: Legends of Bikini Bottom,2011,
882,BK,Hasbro Family Game Night,2011,
883,BK,Rango,2011,
884,BK,Hop,2011,
885,BK,Thor,2011,
886,BK,Transformers: Dark of the Moon,2011,
887,BK,Nerf Super Soaker,2011,
888,BK,Paper Jamz,2011,
889,BK,The Simpsons Treehouse of Horror,2011,
890,BK,SpongeBob's Runaway Roadtrip,2011,
891,BK,Happy Feet 2,2011,
892,BK,Carnival,2011,
893,BK,Big Miracle,2012,
894,BK,Hasbro Family Game Night,2012,
895,BK,Monster Jam/ Pinkalicious,2012,
896,BK,Discovery Kids,2012,
897,BK,Mattel Games,2012,
898,BK,Wii U Super Mario Bros.,2012,
899,BK,Kidz Bop,2012,
900,BK,Discovery Kids Space,2013,
901,BK,Cut the Rope: Time Travel,2013,
902,BK,Jurassic Park,2013,
903,BK,The Jungle Book,2013,
904,BK,Beyblade/Care Bears,2013,
905,BK,The Simpsons Super Heroes,2013,
906,BK,Matchbox/Polly Pocket,2013,
907,BK,Pac,2014,
908,BK,Ice Age,2014,
909,BK,Rio 2,2014,
910,BK,Tom and Jerry,2014,
911,BK,The Jungle Book,2014,
912,BK,Dolphin Tale 2,2014,
913,BK,Strawberry Shortcake/G.I. Joe,2014,
914,BK,Angry Birds Stella/Angry Birds Go!,2015,
915,BK,NCAA Basketball,2015,
916,BK,Lalaloopsy/Slugterra,2015,
917,BK,Scooby,2015,
918,BK,The Simpsons: Back to School,2015,
919,BK,Plants vs. Zombies,2015,
920,BK,Teen Titans Go!,2015,
921,BK,Garfield,2016,
922,BK,DC Super Friends,2016,
923,BK,The Penguins of Madagascar,2016,
924,BK,Kung Fu Panda 3,2016,
925,BK,Kubo and the Two Strings,2016,
926,BK,Dragons: Race to the Edge,2016,
927,BK,The Secret Life of Pets,2016,
928,BK,Trolls,2017,
929,BK,Voltron: Legendary Defender/Care Bears,2017,
930,BK,Angry Birds,2017,
931,BK,Smurfs: The Lost Village,2017,
932,BK,Max Steel/Monster High,2017,
933,BK,Sherlock Gnomes,2017,
934,BK,Skylanders Academy/Mysticons,2018,
935,BK,Justice League Action,2018,
936,BK,Nerf,2018,
937,BK,Power Rangers / Miraculous,2018,
938,BK,Super Monsters,2018,
939,BK,Hotel Transylvania 3,2018,
940,BK,Aquaman,2018,
941,BK,Rabbids,2019,
942,BK,Pokémon: Detective Pikachu,2019,
943,BK,Beyblade Burst/The Powerpuff Girls,2019,
944,BK,Transformers Cyberverse/My Little Pony,2019,
945,BK,Emoji,2019,
946,BK,The Secret Life of Pets 2,2019,
947,BK,Feisty Pets,2020,
948,BK,You Can Be Anything Barbie/Hot Wheels,2020,
949,BK,Crayola,2020,
950,BK,Wonder Woman,2020,
951,BK,Nerf,2020,
952,BK,King Jr. Art Cards Pack,2020,
953,BK,The Croods: A New Age,2020,
954,BK,Nintendo Switch,2021,
955,BK,Justice League,2021,
956,BK,Angry Birds,2021,
957,BK,Scholastic Books,2021,
958,BK,Trolls: Trollstopia,2021,
959,BK,The SpongeBob Movie: Sponge on the Run,2021,
960,BK,Animal Planet,2021,
961,BK,Mattel Games,2022,
962,BK,Miraculous,2022,
963,BK,Peanuts,2022,
964,BK,Barbie/Hot Wheels,2022,
965,BK,Justice League,2022,
966,BK,Subway Surfers,2022,
967,BK,Crayola,2022,
968,BK,The Smurfs,2022,
969,BK,Emoji Soccer,2023,
970,BK,Sonic the Hedgehog,2023,
971,BK,Spider,2023,
972,BK,Warner Bros 100th Anniversary,2023,
973,BK,Various reruns,2023,
974,BK,PAW Patrol: The Mighty Movie,2023,
975,BK,Batwheels,2023,
976,BK,Miraculous: Tales of Ladybug and Cat Noir,2024,
977,BK,Kung Fu Panda 4,2024,
978,BK,Tom and Jerry,2024,
979,BK,The Garfield Movie,2024,
980,BK,DC Justice League Statues,2024,
981,BK,Transformers One,2024,
982,BK,The Addams Family,2024,
983,BK,Barbie/Hot Wheels,2024,
984,BK,The Smurfs,2025,
985,BK,DreamWorks Keyclips,2025,
986,BK,Peppa Pig,2025,
987,BK,How to Train Your Dragon,2025,
988,BK,Naruto,2025,
989,BK,Squeeze Racers,2025,
990,BK,Scooby Doo and the Haunted Headless Horseman,2025,
991,BK,The SpongeBob Movie: Search for SquarePants,2025,
992,BK,Yo Gabba GabbaLand!,2026,
